user_id,signup_date
-1007001694607905664,2016-08-05 11:18:31
-1032019229384696448,2016-03-28 20:22:56
-108842214936804960,2016-03-30 11:11:08
-1093393486211919360,2016-09-28 12:40:19
-1110220372195277184,2016-06-01 10:58:04
-1113322110177216768,2016-04-21 14:21:56
-1119397949556155776,2017-01-09 15:06:45
-1130272294246983168,2016-04-01 20:19:37
-1157793243708252928,2016-11-21 16:16:59
-1160159014793528320,2016-06-10 19:07:55
-1210556051231780096,2016-07-16 16:53:35
-123314413156450016,2016-03-31 11:23:19
-1240240181889306368,2016-07-26 19:31:51
-1251984896177895168,2016-04-11 16:24:58
-1257176162426022912,2016-04-07 14:42:16
-1260665845176491776,2016-04-29 20:34:29
-1267244739128557824,2017-01-13 17:45:05
-1272364595235252736,2016-05-03 13:59:54
-1278786815002349056,2016-04-06 12:48:43
-1292787032977260032,2016-04-15 19:44:42
-1303332777463080704,2016-04-08 12:49:15
-1338563035023619072,2016-07-11 16:18:14
-1339908024252273408,2016-04-25 12:59:03
-1352064057049251072,2016-04-25 16:11:14
-1352542225971050752,2016-03-30 11:31:40
-1367069781843779072,2016-12-09 10:07:11
-1367575386492755200,2016-04-04 18:38:58
-1372859690779491328,2016-04-06 14:15:45
-1380636509010496256,2016-05-05 15:55:43
-1387205416699933696,2016-06-20 19:37:26
-1387464358334758656,2016-03-29 17:46:43
-1393866732742189824,2016-04-01 12:50:34
-1402490765047599360,2016-04-08 13:33:09
-1410112619805614848,2016-05-09 13:50:44
-1418401413426656256,2016-06-22 12:26:00
-1424879049675055616,2016-04-05 13:32:39
-1443636648652872448,2016-03-29 00:24:24
-1454518985966405120,2016-04-20 21:23:50
-1479311724257857024,2016-04-04 13:27:24
-1489196353998999040,2016-05-04 17:21:15
-1496206710381204992,2016-06-24 14:02:31
-1496589699638750976,2016-04-04 13:12:54
-1520722959467302144,2017-02-07 13:02:54
-1532427549655023616,2016-05-17 20:33:38
-1547632488317277184,2016-04-25 12:08:27
-155245639726091904,2016-08-17 13:46:23
-1561982036714087680,2016-04-02 02:09:30
-1569445293780941824,2016-08-12 01:50:08
-1578287561410088704,2016-03-28 11:36:00
-1582429643672455680,2016-04-05 01:48:41
-159362672148316544,2016-07-29 20:03:55
-1599909055058013952,2016-07-19 15:56:51
-1600250516072500992,2016-04-12 14:20:36
-1601406818656498176,2016-05-02 11:57:25
-1602833675167376896,2016-03-29 12:23:07
-1616903969205976576,2016-04-15 19:14:17
-1620609516898528768,2016-07-08 16:09:48
-1641011110986019072,2016-11-23 10:04:54
-1643309141343055872,2016-06-06 15:06:08
-1649184579023990784,2016-07-11 15:16:52
-1669398169117380096,2016-07-14 23:38:49
-1675520981561927936,2016-04-01 19:33:11
-1678759546322702336,2016-05-04 18:18:16
-1684566741313744384,2016-07-11 23:50:51
-1690554517720703232,2016-09-06 15:58:43
-1694477146133918720,2016-06-22 10:52:01
-1700667216862372864,2017-02-13 15:22:30
-1714802647008415232,2016-03-31 16:29:31
-1720728914094017024,2016-05-04 03:49:28
-1724358244764242944,2016-05-06 13:43:11
-174458633445209088,2016-04-26 12:34:19
-1745775273879852800,2016-07-11 16:48:57
-178581347562798208,2016-06-15 14:29:40
-1792997688627776768,2016-04-07 11:05:53
-1795678272668135168,2016-07-27 13:01:42
-1799631734242668032,2016-04-07 16:37:24
-181499526385989600,2016-07-20 14:33:28
-1819083151847984384,2016-10-24 13:31:54
-1836083230511906048,2016-03-29 17:19:21
-1839633283550929408,2016-07-21 12:50:48
-1848938642635494912,2016-04-06 19:59:29
-1863544689523892480,2016-04-04 10:59:30
-1866274569619638016,2016-05-19 12:03:38
-1869419000593369088,2016-05-06 17:25:21
-1886069756344781568,2016-06-07 19:07:33
-1889513471801335552,2016-05-02 20:00:41
-19128711904675840,2016-06-27 17:01:18
-1915495401947962880,2016-07-11 15:55:12
-1927087713907126016,2016-06-15 13:30:17
-1930650513477268736,2016-05-23 11:39:17
-1949305601666774272,2016-07-28 14:21:07
-1950418071739514880,2016-07-15 09:00:03
-1951226479575477760,2016-04-26 17:34:07
-196685923741478176,2016-05-23 11:55:19
-1994081661238157568,2016-03-22 11:34:06
-2009078851588572672,2016-07-27 14:36:19
-2012808108604118528,2017-01-23 17:35:56
-2024285945568862208,2016-06-06 16:16:47
-2024836947804425216,2016-04-28 19:48:23
-2034546290283596288,2016-05-24 11:14:21
-2037394713802820864,2016-09-24 19:13:53
-2041685972080499456,2016-05-04 17:37:27
-2042597956641525760,2016-06-04 13:17:28
-2046460149482961664,2017-02-02 18:52:30
-2050699458865052160,2016-03-31 12:02:27
-2056820234974750208,2016-11-29 17:23:33
-2065443854703875328,2016-07-18 19:09:40
-2073149571359041536,2016-04-26 21:10:02
-2074199579534092032,2016-06-23 11:52:03
-2108111265827636736,2016-05-30 12:35:57
-2116515004529086976,2016-05-03 14:02:43
-2124216952049350144,2016-08-02 15:23:28
-2130333312704068608,2016-04-18 13:39:15
-2139960351402630912,2016-05-17 17:52:00
-214548742136783488,2016-05-12 12:33:02
-2165869757092084736,2016-05-23 13:18:25
-2183451894422160128,2016-12-07 18:14:46
-2184225127953983488,2016-03-30 17:35:27
-2184713157579455744,2016-04-26 16:51:06
-2186033964866370816,2016-04-14 16:36:27
-2206389024273286656,2016-07-27 14:25:45
-2233054196721773056,2016-03-31 14:19:37
-228253716855709888,2016-06-20 14:08:16
-2283336709672397312,2016-06-03 10:36:35
-2293463312801134592,2016-09-08 17:40:02
-229539536136014912,2016-05-03 17:09:41
-2314784854300761600,2016-08-23 17:37:00
-2336732663181547520,2016-04-25 12:16:17
-2337468721613240320,2016-03-30 12:50:19
-2339455719722814976,2016-04-13 17:10:42
-2341407360157577216,2016-04-18 14:12:59
-2350646782030041088,2016-04-01 11:44:39
-2353507205274319360,2016-04-01 17:52:49
-2368904890804470784,2016-04-14 17:29:49
-2373656804845892608,2016-06-09 11:45:46
-2375109818259049472,2016-06-02 11:57:43
-2376088187709737984,2016-05-12 19:34:25
-2385757031765501952,2016-05-03 12:05:35
-2399792467181202432,2016-05-31 13:34:50
-240056303677024256,2016-09-12 16:37:24
-2406209330529427968,2016-06-01 12:08:08
-2411675934925654016,2016-10-18 10:51:41
-241759414021954048,2016-08-02 15:51:47
-243996608453935776,2016-07-18 18:50:52
-2448844607876099072,2016-04-07 22:45:16
-2455286848766388224,2016-05-20 13:10:15
-2457136404620190208,2016-05-02 11:31:40
-2465847828331443200,2016-07-07 11:46:31
-2470248588564220928,2016-08-18 14:03:20
-2471365789103166976,2016-07-28 17:59:09
-2472976734554639360,2016-06-03 14:15:43
-247684700657514432,2016-04-20 11:47:31
-2484779020675533824,2016-04-27 11:57:21
-2492577687586455552,2016-06-13 11:54:58
-2506588480334766592,2016-05-24 13:19:19
-2511855597392146432,2016-03-29 11:34:42
-2517489119487350784,2016-04-07 17:57:09
-2525380383541287424,2016-03-30 15:09:07
-2526700492308347904,2016-11-28 13:21:04
-2540706438239183872,2016-04-13 11:08:53
-2545236939408275456,2016-06-15 12:14:28
-2565917234522918400,2016-12-02 16:34:31
-2569911338835117056,2016-04-06 19:08:33
-259426774323606112,2016-04-04 13:13:20
-2594582613482027008,2016-06-03 11:14:29
-2615487427211911680,2016-05-10 17:05:21
-2623844842607045120,2016-04-14 13:09:10
-2626634673110551552,2016-03-28 20:03:20
-2644515735969463296,2016-08-08 14:24:33
-2644571257397324800,2016-04-27 20:56:48
-2674237157038465024,2016-07-04 14:09:11
-2690891220216547328,2016-04-22 16:14:33
-270546895637819296,2017-02-10 20:43:02
-2708048174260028416,2016-05-25 13:56:37
-2720944634081565696,2016-03-30 12:33:09
-2726721797588771328,2016-04-11 15:59:33
-2755326258208057344,2016-05-10 17:40:23
-275731764162391840,2016-10-30 19:24:07
-2762344524254945280,2016-10-10 15:58:24
-2763124458232441856,2016-04-05 16:18:15
-2772844562500836352,2016-03-29 21:46:44
-2785363955043455488,2016-04-14 13:53:48
-2798582196833934848,2016-04-12 17:38:00
-2802782618104445952,2016-09-09 16:25:10
-2820994773540913152,2016-04-08 14:13:27
-2826197582088460800,2016-07-08 10:46:59
-2839714998776867328,2017-02-16 12:16:07
-2857103494807137792,2016-04-28 19:35:38
-2857832190675984384,2016-09-22 12:44:53
-2868535578416417792,2017-01-27 11:44:26
-2879716572190393344,2016-04-26 12:31:53
-2901997243166418432,2016-04-04 17:13:15
-2902404120792546304,2016-10-03 11:23:06
-290301761563498816,2016-03-31 11:20:03
-2922237472410263040,2016-04-01 18:03:18
-2926609622227216896,2016-10-03 23:20:35
-292717837486008192,2016-03-29 16:21:10
-2936612463070256640,2016-04-11 19:23:17
-2943723574695001600,2017-02-16 15:10:54
-2963498984503943168,2016-12-28 13:46:18
-2972186460377921024,2016-05-23 12:38:46
-2979537012405607424,2016-04-12 12:19:20
-2979881261169775104,2016-04-05 11:06:32
-2987249689651576320,2016-05-02 11:17:17
-2987910693129502720,2016-04-30 15:57:13
-299809122140089152,2016-03-30 12:41:50
-300596929621183616,2016-04-13 12:18:27
-3011221777935346688,2016-07-01 03:06:53
-3032653531967760384,2016-07-08 05:13:47
-3051750834440989696,2016-06-28 13:58:33
-3055952319719418368,2016-03-31 12:30:23
-3057753924708856832,2016-04-28 19:17:56
-3066526293290943488,2016-04-07 19:28:13
-3089736231378741248,2016-04-28 13:25:26
-3097435095152083456,2016-03-30 16:23:30
-3107690258526146048,2016-03-29 12:04:38
-3130517299527025664,2016-07-08 03:21:08
-3137752856866387968,2017-01-06 15:14:09
-3138095816640178688,2016-08-04 19:31:54
-3149181682396419584,2016-05-26 15:59:07
-315113304665694528,2016-04-07 19:30:27
-3160634209682348032,2016-12-30 17:40:00
-3160777155871929856,2016-05-17 12:53:21
-316126625721320128,2016-06-10 12:09:29
-318015038957279232,2016-11-30 10:22:41
-3196433790714486784,2016-03-30 15:59:43
-3203894957285229056,2016-04-04 12:27:50
-3209972853815462912,2016-09-01 11:12:33
-3216836291203563008,2016-07-19 13:24:27
-321944193333055808,2016-07-14 18:38:54
-3230911339419872256,2016-04-25 12:49:58
-3243733722016467968,2016-06-09 11:43:48
-3247191585239311360,2016-05-18 12:12:24
-3249945295915486720,2016-08-04 19:37:08
-325701796242557248,2016-08-24 11:35:42
-3259429699494042624,2016-12-21 18:39:16
-3275942195366018560,2016-05-03 00:31:57
-3295609019604191232,2016-04-18 17:53:27
-331066625167168064,2016-05-03 11:39:55
-331069051675975936,2016-07-12 16:42:18
-3312348638382722048,2016-04-14 10:43:18
-3322908086840558080,2017-02-10 16:30:10
-3325508780389598720,2016-04-28 12:26:53
-3325685634318512640,2016-03-29 17:30:58
-3333861147700992000,2016-04-05 18:26:30
-3339548862065982464,2016-05-12 13:30:51
-3344794336991778304,2016-08-15 12:21:29
-3352759316178227712,2016-04-01 20:27:08
-3359156065199608832,2016-04-04 11:35:31
-3359754325623847936,2016-07-19 11:18:14
-3362047598052899328,2016-06-08 12:44:11
-3374649409463162368,2016-04-05 11:28:26
-3376883282774348800,2016-07-01 18:42:36
-3380175130925274624,2016-07-06 16:05:50
-3381527457560577024,2016-04-27 11:10:50
-3390049372067052544,2016-03-29 21:00:16
-3404190841749582336,2016-04-01 19:22:11
-3410401356987328512,2017-02-16 12:19:44
-3416264867487265792,2016-07-05 14:49:43
-3424085881110247936,2016-07-28 03:25:42
-3427616314367978496,2016-07-29 13:49:22
-3452896239697713664,2016-04-27 17:04:40
-3458422503840091648,2016-03-31 10:42:51
-3466039595643284480,2016-09-23 18:46:29
-3466571388255451136,2016-08-03 17:14:34
-3474152259371895296,2016-03-29 18:01:55
-3500661007957156352,2016-04-01 20:13:13
-3508202263850468864,2016-04-06 16:56:49
-3518675459495383040,2017-02-16 15:34:15
-3520426145036898816,2017-01-03 18:04:16
-352396174273361984,2016-10-17 21:56:53
-3535274684588209152,2016-04-01 17:00:39
-3541787362373960192,2016-06-10 14:30:38
-35428957105270992,2016-04-08 14:46:44
-3557021596086011392,2016-04-13 11:48:26
-3595444231792051200,2016-04-26 23:01:51
-3596626804281480192,2016-03-30 12:26:39
-3598766333334489088,2016-07-07 14:19:13
-3607418154433191424,2016-06-02 17:45:41
-3615447949172122112,2016-04-13 12:22:03
-3620817660824718336,2016-05-17 15:53:09
-3622247491936204288,2016-06-27 17:25:09
-3624328531509974016,2016-03-31 18:05:43
-3624328811734325248,2016-03-31 12:28:07
-3626028832820976128,2016-04-08 15:30:17
-3630934602147394560,2016-06-16 11:43:21
-3637188778150475776,2016-05-12 17:15:23
-3643155458357242880,2016-04-14 17:15:58
-365299596832281344,2016-06-07 16:09:56
-3659018663421577728,2016-04-28 21:49:19
-366633407730691456,2016-07-26 19:30:03
-3671569832980815872,2016-07-11 14:50:57
-3683161502313044992,2016-10-25 19:41:23
-3687079152644990464,2016-03-31 12:31:41
-3696538850054062080,2016-04-27 10:51:13
-3707046244070418432,2016-05-06 13:11:58
-371714709017462080,2016-04-26 17:28:41
-3723994188139150336,2016-04-01 19:34:17
-3754740674364199936,2016-04-11 15:15:07
-375620451534537792,2016-04-26 18:53:22
-3765908696018622464,2016-03-30 18:37:23
-376778416081419904,2016-04-06 20:22:47
-3792382538520905216,2016-03-30 11:28:02
-3806521031040937472,2016-04-27 01:26:08
-3808141682397656064,2016-03-29 21:36:41
-3815225870990439424,2017-02-23 17:51:25
-3815514359891076096,2016-08-16 13:35:41
-3834559600071441408,2016-09-27 16:16:17
-3842000768177268224,2016-04-22 17:14:43
-3862340787975219200,2016-09-06 12:06:20
-387586131996064512,2016-04-04 11:55:25
-3896187702811204608,2016-09-16 11:29:23
-3903708422224520192,2016-06-03 11:58:26
-3918235718539456512,2016-07-25 12:34:27
-3919588699192903168,2017-02-28 06:57:44
-3922165526049430016,2016-04-12 19:39:47
-3933783680725096960,2016-04-01 18:13:10
-3939882303077150208,2016-05-23 14:04:31
-3946214281191348224,2016-05-30 11:55:50
-3952369149636090368,2016-07-12 16:33:23
-3954277405987282432,2016-04-01 19:38:37
-3968392807491757056,2016-04-27 12:49:56
-3972388990373881344,2016-03-29 12:54:40
-3976829886646506496,2016-05-31 16:46:23
-3978390417378743808,2016-06-02 19:14:48
-3989802106718825984,2016-04-13 12:51:52
-3992639648918314496,2016-11-08 16:56:10
-3999591444223936000,2016-03-30 19:34:53
-4018803464081409024,2016-09-27 18:08:02
-4028919343899978240,2016-04-01 12:32:29
-4035260395140860416,2016-07-05 06:13:42
-4040668102765732864,2016-04-18 11:06:39
-4045556372014952448,2016-05-12 13:15:35
-4051949751637797888,2016-07-26 13:25:49
-4069033192522234880,2016-04-04 12:52:45
-4070244201184983040,2016-07-11 22:49:14
-4074190903915478016,2016-08-18 17:47:46
-4082616567756603392,2016-05-04 17:41:16
-4088459209129433088,2017-01-20 22:10:01
-4089681179734335488,2016-03-31 12:33:00
-4092545774372727808,2016-04-25 13:09:25
-4095153241356673536,2016-08-01 13:22:54
-4097432147189001728,2016-04-05 12:02:41
-4101553783427619840,2016-12-06 18:52:52
-4111723879505360384,2016-03-29 16:34:09
-4116514811367777792,2016-09-15 18:26:29
-4125205337625989632,2016-04-28 12:16:28
-4133735994159009792,2016-04-05 18:23:37
-4139451785876182528,2016-05-23 11:46:57
-41506117647079712,2016-03-29 19:56:18
-4154712816784765952,2016-05-04 11:44:19
-4156881138997501952,2016-11-17 17:44:26
-4160173091318455808,2016-04-06 12:19:43
-4165818767652094464,2016-04-18 12:07:28
-4167415844282118656,2016-06-07 00:14:11
-4207306127013767168,2016-05-05 11:48:53
-4207804517986673664,2016-07-28 11:59:35
-4243635261966794240,2016-04-01 20:03:30
-4246040813531966976,2016-09-23 11:29:15
-4246695160507475968,2016-04-15 14:43:12
-4279226710794155520,2016-08-11 06:37:01
-4293690759387208704,2016-04-13 12:38:33
-4298177694576275456,2016-04-05 11:58:30
-4306649787035054592,2016-09-27 17:25:29
-4309872815953357824,2016-05-05 11:11:30
-4312494396888667648,2016-03-29 11:36:44
-4319627801793651200,2016-07-25 20:09:51
-4355190001103094272,2016-05-04 11:33:29
-4359668517495657472,2016-04-27 18:41:32
-4365814373122799104,2016-06-03 17:59:00
-4367677270653877248,2016-07-20 16:21:10
-437375666128963456,2016-11-21 10:40:21
-4378027254566262272,2016-03-29 13:24:04
-4384580909851654656,2016-04-04 11:54:42
-4387750328010332672,2016-08-30 11:09:04
-4392503848617046528,2016-08-01 16:05:22
-4393985619024429056,2016-04-25 12:07:10
-440665250653720192,2016-07-07 16:23:50
-4420330605795848192,2016-07-06 21:24:52
-4423008059717566976,2016-05-18 11:28:07
-4432034906943587328,2016-09-06 20:17:11
-444330148331768192,2016-03-30 15:17:29
-4447090897576014848,2016-04-28 11:31:29
-4448388750105189376,2016-12-06 16:04:20
-445337111692715328,2016-03-31 12:29:13
-4459091019090446848,2016-04-26 16:11:17
-446108537367277376,2016-04-19 06:05:22
-4465926797008424448,2016-07-12 12:05:32
-4467650312287951360,2016-03-30 17:43:37
-4474315553653067264,2016-07-07 14:08:10
-4490476523398330880,2016-05-24 13:24:41
-4491909192209964544,2016-04-22 12:54:40
-4529000568350204928,2016-04-05 13:20:02
-453678802103139456,2016-04-01 10:50:34
-4543093052611851264,2016-08-17 10:52:06
-4560916320815213568,2016-04-20 18:01:31
-4566409676058071552,2016-06-29 18:54:00
-4573709982958788608,2016-08-11 09:15:06
-4582116311327386624,2016-06-24 11:05:51
-4585796377251906048,2016-03-31 18:06:20
-4596035061781069824,2016-07-26 11:41:13
-4596110728469327872,2016-05-06 12:55:12
-4611063622188844544,2016-09-12 11:27:28
-4611709672528454656,2016-04-05 17:23:11
-4618303625354888192,2016-05-11 17:20:45
-4626095867768213504,2016-04-26 11:01:17
-4627026983118548992,2016-06-02 15:37:51
-4641380479888865280,2016-04-15 19:47:58
-4643217303855133696,2016-06-02 14:11:34
-4653185725743410176,2016-10-25 10:02:05
-4653503070379628544,2016-11-08 22:22:34
-4654217101618904064,2016-04-04 20:13:50
-4654550534260740096,2016-04-25 12:38:06
-4659085198634435584,2016-03-31 12:09:44
-4660766804997494784,2016-04-05 16:49:49
-4672651098227394560,2016-04-25 11:37:01
-468849228680532288,2016-06-07 11:18:43
-4689663873479122944,2016-04-05 15:23:01
-468976912875459584,2016-03-30 16:41:00
-4704816572261468160,2016-09-16 17:14:44
-4712939006281399296,2016-05-04 13:15:48
-4716637009380371456,2016-06-27 16:18:47
-4730260618779969536,2016-08-09 15:01:04
-4733247784100640768,2016-06-27 12:53:24
-4744441833918342144,2016-03-29 11:05:44
-4746388521877686272,2016-04-01 16:09:11
-4751483211611918336,2016-04-06 11:38:45
-4751604321660934144,2016-04-01 17:06:02
-4752363236131440640,2016-03-29 13:30:30
-4753128705824133120,2016-06-15 19:23:45
-4755053149333666816,2016-04-19 01:11:59
-4756235019094064128,2016-04-26 12:12:28
-4767444107153362944,2016-07-28 12:56:53
-4799619569027538944,2016-05-06 11:13:02
-4805195090397568000,2016-06-09 10:55:26
-4807214756718635008,2016-12-07 15:07:11
-4810326597879746560,2016-11-09 11:50:26
-48161796606086480,2016-03-30 19:15:48
-4820143702236579840,2016-08-03 11:58:59
-482673732359673984,2016-05-25 12:01:04
-4827592624810944512,2016-04-07 16:04:59
-4830018755429682176,2016-04-05 11:16:05
-4831144415854234624,2016-04-05 18:58:56
-483468163475294336,2016-04-01 18:37:37
-4849725881573335040,2017-02-03 17:51:30
-485491685721852736,2016-04-13 12:25:19
-4871730724883278848,2016-05-11 15:06:18
-4885223078646517760,2016-04-03 01:37:04
-492179582639058432,2016-04-05 11:59:09
-4931425677766995968,2016-04-26 18:53:28
-4951114616026800128,2016-06-10 23:28:08
-4951299570479013888,2016-04-13 11:43:23
-4952379459094765568,2016-06-15 13:47:18
-4954807600136304640,2016-04-25 18:53:06
-4962618906503701504,2016-06-27 13:56:20
-4973943928816784384,2016-05-26 16:54:23
-4983718076569357312,2016-06-14 17:21:06
-4996398807012464640,2016-04-26 17:20:30
-4998109382710136832,2016-05-18 17:27:24
-5015635036263984128,2016-04-07 05:59:25
-502319718136389440,2016-06-23 17:29:14
-5046509793031130112,2016-04-01 22:38:35
-5052218473217969152,2016-04-26 15:10:53
-5070718731712624640,2016-03-30 12:25:48
-5072443283995887616,2017-02-10 10:26:21
-5079486872023452672,2016-10-25 10:25:46
-5087878572343192576,2016-04-27 13:09:39
-5088875531913232384,2016-08-08 12:58:01
-5090528934888925184,2016-04-15 17:50:06
-5091443926295683072,2016-09-15 13:16:41
-5093004687291831296,2016-04-18 17:02:27
-5094446514734487552,2016-03-16 16:51:19
-5100926371641296896,2017-02-02 11:21:40
-510621402112686144,2016-05-05 15:46:17
-5118506922564478976,2016-04-11 15:47:16
-5131518539710081024,2016-04-20 17:55:42
-5140211912313628672,2016-06-28 14:08:28
-5145337910218163200,2016-04-08 13:50:56
-5150600065224095744,2016-06-25 10:31:59
-5152256545918702592,2016-10-19 10:58:07
-5157376071499053056,2016-04-06 11:46:57
-5179891559567091712,2016-08-22 16:25:59
-5185927176743959552,2016-08-16 18:53:58
-5187161118553677824,2016-05-13 11:14:04
-5189509074197685248,2016-04-18 17:42:45
-519417515410583680,2017-01-27 22:33:31
-5201927981686846464,2016-06-06 15:54:03
-522675969675206144,2016-08-18 12:02:22
-5230721907253934080,2016-03-30 18:07:53
-5235597150466619392,2016-10-07 15:56:50
-52409484500833936,2016-09-21 20:07:38
-5254198861165603840,2016-05-12 18:58:02
-525884353997447552,2016-04-26 15:56:58
-5262297603302637568,2017-01-30 12:32:11
-5264754785175108608,2016-04-07 16:23:12
-5267933492417668096,2016-04-28 16:13:45
-5281916878353078272,2016-04-13 12:19:22
-5282003003431699456,2016-04-28 16:13:21
-5292464982436362240,2016-04-05 17:33:43
-5299969637554720768,2016-03-16 17:21:01
-5319065950897061888,2016-05-02 18:36:10
-534549863526737408,2016-03-29 17:03:01
-5349775063975484416,2016-04-26 19:03:13
-5350075904398343168,2016-07-28 18:07:24
-5355462854406417408,2016-08-24 17:07:03
-5369165863004219392,2016-04-26 14:30:43
-5374802517306836992,2016-04-20 11:27:50
-5375964707198876672,2016-06-15 12:38:36
-5380862725077089280,2016-04-19 02:29:00
-5388083602161519616,2016-04-22 12:57:21
-5394062070584739840,2016-04-22 12:21:41
-5404285628365612032,2016-09-16 17:14:10
-5409830449698398208,2016-06-09 13:11:09
-5419372988308172800,2016-04-19 02:11:20
-5442497765070894080,2016-05-20 17:51:08
-5444121833218924544,2016-06-15 19:44:06
-5444946123447490560,2016-04-27 21:32:56
-5471407150604394496,2016-05-04 17:01:37
-5474198417649528832,2016-04-29 13:19:42
-5475982967047071744,2016-04-13 13:00:42
-5515355809840274432,2016-06-03 10:55:41
-5521098251528574976,2016-12-20 14:47:27
-5527145562136414208,2016-04-01 15:34:26
-5548445604678482944,2016-03-30 20:22:53
-5555543386326482944,2016-04-01 17:50:28
-5564766963021310976,2016-05-02 16:36:18
-5564980755503989760,2016-04-25 18:39:27
-5573063483172708352,2017-02-20 13:14:37
-5579363687688515584,2016-07-05 06:22:48
-558674720007730560,2016-07-08 16:30:35
-5590226906710149120,2016-08-02 16:35:45
-5598979686496942080,2016-11-03 16:05:18
-560055148675865856,2016-04-22 11:58:43
-5603024664917721088,2016-06-09 12:42:55
-5611964175902830592,2016-04-15 19:18:44
-5629192146302945280,2016-04-25 13:49:54
-5636811822913690624,2016-04-04 11:34:40
-5638430380291210240,2016-03-31 12:31:38
-5639303336519418880,2016-05-30 18:18:27
-5643862669441284096,2016-12-07 18:45:26
-5645906903825511424,2016-04-27 12:40:22
-5648501732106474496,2016-06-25 15:36:12
-5661737290289697792,2016-06-03 11:31:05
-5676352709327073280,2016-04-29 15:26:31
-5680668197911418880,2016-08-24 02:04:33
-5706287032724665344,2016-04-05 12:21:32
-5708042355439521792,2016-03-29 13:18:15
-5713424050095083520,2016-04-08 20:58:17
-573145652692796608,2016-07-27 11:38:22
-5732707497022384128,2016-05-31 12:04:08
-5749772120640063488,2017-02-16 12:15:32
-5751474310428982272,2016-05-06 13:41:33
-57558373945119608,2016-04-01 16:18:05
-5761633761733198848,2016-04-08 13:17:17
-5776136876679063552,2017-01-13 11:46:34
-5795907895499275264,2016-04-25 19:29:21
-5812738875803363328,2016-04-14 16:00:35
-5823562314929634304,2016-04-21 20:42:30
-5833749125541124096,2016-05-19 11:10:28
-5843903748452152320,2016-04-22 20:23:48
-5847938315205392384,2016-05-11 01:01:59
-5867382161915898880,2016-04-06 16:46:15
-5868110530814399488,2016-03-30 12:38:46
-5873251123741237248,2016-07-26 20:31:19
-5873562008332486656,2016-04-08 20:21:02
-588447608033313024,2016-04-04 11:25:59
-5885124187219991552,2016-12-30 10:24:28
-5889508433273999360,2016-05-18 17:28:24
-589556961479434624,2016-05-23 12:38:45
-5897227245778615296,2016-04-11 11:05:18
-5898985842339810304,2016-08-23 21:00:50
-5918600103053825024,2016-04-18 17:41:25
-5927761996778212352,2016-09-16 20:05:04
-5934412187320282112,2016-07-12 17:24:07
-5969793184455186432,2016-05-20 12:58:55
-6003416708481128448,2016-04-08 17:36:12
-6014236343041475584,2016-04-27 03:22:38
-6023498443312206848,2016-05-03 19:28:42
-602652944709413376,2016-04-20 19:29:36
-6030696784871382016,2016-03-30 12:33:31
-6037268165948401664,2016-04-05 11:03:12
-604923632438177536,2016-09-30 17:21:06
-6051200701553773568,2016-04-26 17:23:13
-6067117771623246848,2016-04-20 13:43:51
-6067316262393890816,2016-05-13 12:02:32
-6085280990332831744,2016-04-19 01:05:16
-6086253348642297856,2016-06-09 16:59:18
-6092930928762182656,2016-04-25 17:39:57
-6105296070998675456,2016-04-08 12:40:17
-6120788038252469248,2016-04-26 00:35:39
-6147128788680571904,2016-04-14 13:55:23
-6149164633108566016,2016-03-29 14:10:15
-6150302542037419008,2016-07-29 16:38:11
-6153009241569362944,2016-04-08 14:44:28
-6174073684310263808,2016-04-01 18:52:59
-6188513246080579584,2016-06-02 14:19:35
-6188912942004687872,2016-03-29 17:24:44
-6191712716519536640,2016-04-28 11:55:18
-6195985550971229184,2016-03-30 11:57:04
-6196110550195247104,2016-04-04 11:47:02
-6201845445987166208,2016-03-31 01:20:29
-6226728612139235328,2016-05-03 13:30:27
-6234126753805415424,2016-05-17 18:30:39
-6246099423021213696,2016-04-28 12:10:12
-6254342326107002880,2016-04-04 13:25:02
-6258071927387180032,2017-01-11 10:03:30
-6263408883539936256,2016-04-25 12:05:13
-6273276101162180608,2016-04-04 18:08:23
-6276733705223916544,2016-04-13 12:57:54
-6284920522659749888,2016-05-04 12:25:52
-6301440277750448128,2016-07-01 11:44:27
-6310269237680935936,2016-09-06 18:53:10
-6316613156648676352,2016-03-30 12:04:27
-6336522524969112576,2016-04-14 11:23:05
-6341085530415128576,2016-05-20 01:00:29
-634318177541616000,2016-04-05 13:39:34
-6347007137547089920,2016-04-15 13:34:38
-6361192540861670400,2016-08-01 18:07:10
-6361883726252419072,2016-07-05 17:38:02
-6364723726238328832,2016-11-29 14:03:10
-6380346921134804992,2016-05-25 14:15:18
-6382389075303370752,2016-06-15 19:30:21
-6395289021795478528,2016-04-26 18:02:34
-6411371239765052416,2016-03-14 14:39:23
-6435598831950414848,2016-06-03 12:52:48
-6438002202203852800,2016-06-09 13:23:33
-6446031436716049408,2016-05-05 19:05:25
-6473952184608286720,2017-02-16 17:32:37
-647801535221798016,2016-06-30 18:23:46
-6486181020435415040,2016-05-18 11:48:20
-6493929577026741248,2016-05-26 06:32:17
-6502100706127527936,2016-04-13 13:11:46
-6504447686448599040,2016-08-05 11:34:59
-6508069509459346432,2016-05-02 11:12:50
-6526535873517998080,2016-06-07 18:36:10
-6527231059484292096,2016-04-01 22:52:34
-6532175987346600960,2016-03-30 11:27:59
-6533304626998890496,2016-04-27 13:21:25
-6551899843081274368,2016-06-03 10:45:42
-6568916788996709376,2016-06-03 13:37:45
-6573653224877216768,2016-06-10 12:54:47
-6593243739839278080,2016-10-03 19:20:19
-6594283959918507008,2017-02-10 11:52:10
-6606373800483513344,2016-05-12 01:09:25
-6611967527589760000,2016-04-26 18:52:14
-6624483529135401984,2016-07-20 19:19:01
-6627505417926773760,2016-07-18 14:00:57
-6631461711538275328,2016-07-08 18:07:27
-663224541983667712,2016-06-14 14:15:03
-664586119638092672,2016-04-29 11:38:37
-6650942110522720256,2016-04-26 21:19:20
-6652840075169149952,2016-07-01 05:55:13
-6657844983499130880,2016-03-31 01:13:55
-6668715715951053824,2016-04-19 19:16:51
-6668982552133936128,2016-09-14 17:48:37
-6674945460600816640,2016-04-04 15:53:28
-6730258785244938240,2016-05-02 19:51:33
-6734098108417569792,2016-04-01 12:24:11
-673531841386475520,2016-04-01 11:05:31
-6786856227257648128,2016-03-31 22:36:15
-6805567438224540672,2016-05-12 17:13:19
-6810967503878969344,2016-06-22 18:43:00
-6811544332174495744,2016-05-16 16:21:14
-6820774667818944512,2016-07-27 13:51:57
-6823054392395585536,2016-06-24 13:23:52
-6824891492208524288,2016-04-05 16:49:51
-6834891987379050496,2016-04-11 13:56:39
-6850499260033617920,2016-04-05 15:19:28
-6874532444478397440,2016-04-25 12:37:23
-6874781826710727680,2016-12-06 17:44:12
-6874849957985526784,2016-04-26 19:25:14
-687504123637131264,2016-06-03 13:08:37
-6878112296616605696,2016-04-01 17:02:05
-6895155480127642624,2016-04-15 13:41:00
-6904254367438520320,2016-04-05 15:43:45
-6921346769844646912,2016-06-16 15:40:03
-6933516293840979968,2016-06-13 12:45:46
-6934405303392992256,2017-01-19 17:11:27
-6939883833521991680,2016-04-19 11:15:56
-6944500707172803584,2016-03-29 18:51:57
-6946355789336786944,2016-04-26 01:39:57
-6947734781716817920,2016-04-01 18:40:14
-698695976631873536,2016-04-28 17:23:25
-69908298492740624,2016-11-24 10:08:08
-6998647087289883648,2016-04-25 05:49:49
-7001639577646477312,2016-09-27 13:33:58
-7035562184657775616,2016-07-21 18:03:13
-7041401352840181760,2016-04-01 13:46:34
-7044141443788188672,2016-05-11 00:41:56
-7050695426345850880,2016-08-17 13:47:16
-7064549223277762560,2016-06-01 14:31:28
-7065799990117842944,2016-06-09 18:12:18
-7068209768948841472,2016-04-06 01:09:11
-7070657276224532480,2016-04-12 09:52:44
-7078810337557284864,2016-12-16 10:04:34
-7087518691724367872,2016-04-15 19:34:33
-709287718034731648,2016-03-30 13:36:39
-709489070586681728,2016-09-28 11:17:56
-710135072571868032,2016-04-04 13:10:53
-7103674836099896320,2016-04-08 12:34:10
-7118575739764683776,2016-03-29 18:36:11
-712118237016184448,2016-04-28 15:57:42
-7136511247670429696,2016-04-11 20:42:34
-7145180591711126528,2016-04-25 18:32:31
-7148295538010877952,2016-10-04 13:07:16
-714914145425798656,2016-06-15 12:13:45
-7154360153919620096,2016-07-27 13:51:16
-7168283978173643776,2016-10-24 18:15:34
-717438927863132160,2016-06-10 15:31:31
-7179350186629473280,2016-08-03 11:49:22
-7180761520671049728,2016-04-26 11:25:00
-7201298482234793984,2016-09-09 11:09:19
-7205955090980646912,2016-11-29 17:57:36
-7210005267264599040,2016-06-14 15:54:55
-7240735065448254464,2016-04-18 16:57:20
-7253045327330315264,2016-04-01 19:53:06
-7267769888748948480,2016-03-30 12:43:49
-7269286898191176704,2016-03-31 12:30:55
-7273988155925359616,2016-05-03 12:21:35
-7299489921519728640,2016-11-22 10:30:35
-7329305023392956416,2016-04-26 20:07:49
-7345259481503948800,2017-02-23 13:22:57
-7365517474830766080,2016-05-17 17:49:33
-7371331529308244992,2016-06-07 13:06:39
-737564610065686528,2016-08-26 19:32:39
-7377845572432324608,2016-04-25 14:55:05
-7381477755938440192,2016-04-27 00:58:42
-7390556062557389824,2016-05-19 17:41:23
-7393811715153526784,2016-04-01 16:35:31
-7410485589492665344,2016-04-14 15:13:02
-7416063324611531776,2016-11-04 18:29:16
-7421703586506797056,2016-03-29 19:15:31
-7437846246871579648,2016-05-06 11:23:00
-74507320040642688,2016-04-15 11:14:16
-7454032222980648960,2016-06-28 16:07:16
-7456488753754080256,2016-04-14 13:11:12
-7457924553609117696,2016-04-01 15:33:46
-745910898297651072,2016-08-15 13:55:31
-7472538368234044416,2016-04-26 11:28:13
-7478458454083355648,2016-04-18 12:39:10
-7482701687530266624,2016-05-17 19:20:00
-7487897518634781696,2016-04-13 13:16:30
-7496361692498935808,2016-04-25 14:55:58
-7508498733655581696,2016-05-19 12:32:05
-7520836932719952896,2016-04-01 15:44:57
-7531858294361853952,2016-04-01 20:42:21
-7540738139248278528,2016-04-08 17:44:15
-7542032833609444352,2016-04-13 15:23:25
-7566844461345456128,2016-07-27 13:11:16
-7566898119905906688,2016-04-19 14:13:11
-7571302107141580800,2016-04-19 01:05:04
-7574071014482881536,2016-04-05 18:30:12
-7575354990724402176,2017-01-27 14:10:11
-7599689935091013632,2016-08-16 16:49:34
-7602361069047447552,2016-06-17 19:15:03
-7606731662737258496,2016-04-18 15:47:41
-7611460419696903168,2016-04-12 20:28:58
-7619256453002568704,2016-12-06 12:58:15
-7638765793642144768,2016-03-29 12:00:28
-7644859828368354304,2016-09-22 12:36:10
-7651694769928091648,2016-04-26 15:29:04
-7656701953949775872,2016-04-29 16:22:31
-7658896905823059968,2016-04-11 10:18:06
-7675499124820918272,2016-07-11 17:25:11
-7690117130547105792,2016-05-12 17:21:18
-7701472666189863936,2016-04-25 19:04:35
-7710611945490357248,2016-04-19 01:13:03
-7710821129340169216,2016-12-12 15:43:16
-7711052404720939008,2016-04-20 11:11:25
-7753289154322622464,2016-05-24 19:35:00
-7755848049308089344,2016-05-05 18:34:37
-776856765376510208,2016-09-22 16:40:23
-7794435188288730112,2016-06-03 13:46:28
-7809948905251597312,2016-04-26 11:32:29
-7815718986451469312,2016-07-11 19:39:48
-7831984182146287616,2016-04-22 14:09:15
-7843165118747205632,2016-08-16 22:09:15
-7847088265446528000,2016-04-25 11:06:08
-7898880382889684992,2016-04-01 17:40:11
-7902462005407456256,2016-04-28 17:26:07
-7909814890969546752,2016-04-26 21:32:30
-7910759941896704000,2016-04-04 16:47:43
-7919979140583047168,2016-05-03 17:07:43
-7920036110689552384,2016-04-26 19:09:18
-7946448731524943872,2016-05-16 18:56:44
-7957197279845818368,2016-05-09 14:20:21
-7963931769298006016,2016-04-08 11:56:38
-7966002439899518976,2016-07-04 21:44:02
-79727973358912416,2016-04-01 17:32:42
-7980653669913930752,2016-06-03 11:13:11
-7981599955442508800,2016-06-07 17:48:04
-7990997793599977472,2016-04-01 16:25:09
-8002698029075478528,2016-05-30 13:27:01
-8004014040019183616,2016-04-26 18:52:06
-8017805007838352384,2016-07-06 14:09:11
-8020832670974472192,2016-03-29 15:06:15
-8036997159314605056,2016-04-27 11:23:57
-8050113247491924992,2017-02-16 12:34:01
-8051903121006324736,2016-06-16 18:36:53
-8058416136173881344,2016-06-06 15:22:10
-8077293301545760768,2017-02-16 11:13:10
-8078450058314350592,2016-05-12 16:19:43
-8092995968448142336,2017-02-16 12:29:31
-8093198092490224640,2016-08-01 19:15:01
-8093201745874454528,2016-05-11 18:44:30
-8093344434152154112,2016-04-09 13:38:59
-8099670049200803840,2016-07-08 13:02:46
-8121520783058972672,2016-04-04 13:01:31
-8123627990288458752,2016-04-26 12:03:37
-8130584461861751808,2016-04-25 20:47:49
-8132559109129515008,2016-03-30 20:39:58
-815115778175704960,2016-08-19 11:07:03
-8158702351275780096,2016-06-16 14:13:38
-8205402408645015552,2016-04-27 10:53:07
-8207027873334509568,2016-04-26 21:32:34
-8223836278784533504,2016-06-15 11:45:04
-8241940599580729344,2016-03-31 12:45:33
-8243020848740766720,2016-04-04 14:38:47
-8243547748317128704,2016-04-14 17:27:44
-8246472165248286720,2016-04-04 19:13:55
-8251340065348652032,2016-04-25 18:32:24
-8275914447540023296,2016-05-10 13:00:04
-8292030653061689344,2016-05-11 11:21:53
-8295797114403986432,2016-04-26 11:05:28
-8297991392336681984,2016-07-25 18:11:38
-830175562779396864,2016-04-15 12:52:30
-8306418824693201920,2016-06-13 18:50:30
-8309025352777182208,2016-08-29 08:29:32
-8336698712796134400,2016-04-18 16:49:25
-8384598282283588608,2016-04-13 12:52:33
-8388706028506253312,2016-05-17 16:55:29
-8389868196569319424,2016-03-29 01:05:06
-8399605302938582016,2016-08-24 16:26:58
-8402550747787819008,2016-05-02 00:49:04
-8403810558207259648,2016-06-15 12:17:03
-840631936412652032,2016-09-13 15:11:44
-8406450552010054656,2016-04-26 18:46:52
-8411878656309735424,2016-05-23 11:49:27
-8417075466521236480,2016-03-30 19:24:34
-8420584158427266048,2016-12-14 18:50:29
-8424644554119646208,2016-06-15 12:12:17
-8430239657678001152,2016-04-13 12:57:48
-8432963309304640512,2016-06-06 15:18:37
-8436122021634018304,2016-04-28 22:53:35
-8446209748110806016,2016-04-28 14:12:53
-8446652614764494848,2016-09-27 14:06:54
-8459536159620126720,2016-04-27 13:02:47
-8464996041856313344,2016-06-15 21:05:55
-8483977803231124480,2016-06-20 19:41:26
-8486803825457736704,2016-07-14 19:19:35
-8493970054335899648,2016-04-28 16:09:09
-852576272315727360,2016-06-02 17:06:17
-8527027076020638720,2016-05-05 15:44:53
-8531270379574423552,2016-06-22 11:29:45
-853245389484599168,2016-05-04 11:20:07
-8532959362941292544,2016-03-24 17:18:18
-8543191472586917888,2016-06-14 12:27:38
-8550167523008134144,2016-03-29 16:00:34
-8560472911230583808,2016-07-01 17:21:13
-8564151860284883968,2016-11-30 10:20:18
-8567193579502361600,2016-07-08 17:09:36
-8569200589303439360,2016-04-11 15:28:04
-8571236143575826432,2017-01-31 10:31:15
-8594002152006287360,2016-04-01 18:42:51
-8606085472606356480,2016-04-19 17:48:25
-8606737560479590400,2016-05-10 17:04:10
-8607239111818252288,2016-04-08 19:28:56
-8620763856232712192,2016-05-16 19:29:44
-8625026691457884160,2016-08-25 19:46:48
-8632760515877149696,2016-06-02 19:34:58
-8652741825481604096,2016-04-29 15:48:59
-8670749047273764864,2016-04-01 18:58:10
-867171338823652736,2016-04-26 13:49:53
-8672331451814079488,2016-04-29 08:30:47
-8674958742744576000,2016-05-25 13:16:51
-8686631410634491904,2016-09-24 13:30:19
-8694104221113176064,2016-03-29 18:18:10
-8699750646678622208,2016-03-29 13:30:38
-8704807962619441152,2016-08-05 17:57:15
-8719462623048086528,2016-04-05 13:06:33
-8738496712327699456,2016-04-26 17:12:39
-8743976205985210368,2016-09-22 12:06:43
-8763398617720484864,2016-04-01 18:52:11
-8765011947844411392,2016-07-06 14:11:50
-8781306637602263040,2016-04-18 14:02:14
-8781635134606732288,2016-06-14 13:38:12
-8784674845716296704,2016-04-20 11:59:13
-8802075878443651072,2016-06-20 19:06:39
-8821868115755885568,2016-04-22 11:42:41
-8823950498314351616,2016-05-20 19:16:33
-8830250090736356352,2016-04-26 16:53:43
-8845298781299428352,2016-03-29 17:55:56
-8853658195208337408,2016-04-30 18:17:00
-8854674432071487488,2016-06-16 12:13:43
-8859417914913316864,2016-06-27 12:31:20
-8860671864164757504,2016-03-29 15:50:12
-887301601153643520,2016-07-14 14:35:22
-8891033171626175488,2016-04-12 23:11:16
-8909668725653743616,2016-04-01 16:21:35
-89388927330481216,2016-05-19 18:46:52
-8961797610770562048,2016-07-01 13:02:42
-8965390025652957184,2016-07-05 06:16:12
-8965597312806628352,2016-06-03 17:59:05
-897315218084387584,2016-04-20 17:05:18
-8984152171875293184,2016-06-03 13:35:32
-8985529623369322496,2016-06-29 12:48:11
-899408017713069696,2016-03-31 19:02:32
-8994220765455693824,2016-03-30 18:56:49
-900146660487611776,2016-05-05 13:00:25
-9001583565812477952,2016-03-30 14:15:16
-9009798162809551872,2016-03-29 12:58:57
-9012030317377671168,2017-02-02 15:18:10
-9016528795238256640,2016-03-16 17:26:05
-9047547311469006848,2016-04-07 18:39:41
-9048557723087353856,2016-04-06 12:16:42
-9060214117327731712,2016-05-23 11:34:19
-9063420486253202432,2017-02-09 17:22:41
-9083704948999853056,2016-07-06 15:15:17
-909688769922425216,2016-08-31 11:31:05
-9099478998637725696,2016-06-03 19:45:41
-9109785559521266688,2016-04-15 19:29:51
-9120685872592673792,2016-04-05 15:51:15
-9150583489352258560,2016-10-28 09:33:36
-9156344805277470720,2016-04-28 23:38:31
-9172914609055320064,2016-04-22 12:55:08
-9188188261933657088,2016-04-20 12:07:40
-9196668942822132736,2016-09-27 11:48:11
-9199575329909163008,2016-05-27 17:50:14
-9207251133131336704,2016-05-24 20:59:02
-9212075797126931456,2016-06-27 19:23:20
-9223121837663643648,2016-04-22 10:59:45
-926222002072636288,2016-05-05 17:48:05
-936933622636297472,2016-05-09 18:15:38
-9503309754973814,2016-06-30 18:46:59
-956121253536943104,2016-11-17 17:34:53
-960951213834982016,2016-05-06 18:10:31
-962915895568757632,2016-04-26 18:49:14
-968371571321396224,2016-06-03 13:29:35
1017339174977034752,2017-02-16 11:02:34
1022806743657391360,2016-04-01 18:25:43
102305705598210272,2016-04-28 11:59:13
1037187242736800256,2016-05-17 18:34:45
1049745013582301312,2016-07-06 14:04:42
1052826425441302400,2016-10-13 16:19:07
1056179711361543552,2016-05-26 12:44:07
1059826223086140032,2016-04-26 11:49:45
1070632260016389760,2016-04-25 11:40:30
1072886587484133120,2016-05-24 12:03:13
1077899085259031424,2016-10-11 00:00:35
1085441806335625088,2016-07-29 19:25:59
1097401149118884096,2016-05-04 20:31:19
1104652557829563520,2016-08-02 18:29:08
1106030953585683712,2016-04-14 17:33:05
1116121227607581952,2016-04-04 00:41:03
1120069409160402048,2016-03-29 11:53:38
1142268446511784704,2016-09-01 14:23:03
115141794465366272,2016-07-05 11:07:49
116117092134318176,2016-08-08 13:34:29
1163668879480930560,2016-06-09 12:00:18
1178253609400958976,2016-06-14 01:23:14
1179811069358633728,2016-06-24 13:22:04
1199529879715590400,2016-07-19 00:24:57
1200132673411527424,2016-03-30 12:20:07
1202287501580555264,2016-04-06 01:09:48
1203596964328222720,2016-05-24 17:31:20
1234688818012827648,2016-05-17 15:49:41
1234962692819082496,2016-06-09 11:08:56
1236849919205595136,2016-11-03 15:58:24
1262852631026172160,2016-11-30 17:58:12
1280568515001234176,2016-06-24 11:01:09
1294815114730489600,2016-07-01 16:55:30
1296936597887557888,2016-03-29 21:00:18
1306495113310433536,2016-07-21 19:14:33
1311167471776689152,2016-06-10 19:39:29
1314381940843524864,2016-04-19 11:33:15
1317292353478724608,2016-04-13 00:42:02
1328689979004101376,2016-04-05 13:59:43
1350157763260786176,2016-04-28 12:03:15
1355612258071912448,2016-06-25 01:24:12
136132092222070704,2016-09-13 01:04:15
1365060072341041152,2016-04-26 17:07:37
1367440638985257472,2016-04-26 17:01:28
13723062087756322,2016-04-28 19:20:24
1374824663945909504,2016-04-26 18:28:01
1375974404896880640,2016-05-05 18:18:21
1377941589660984064,2016-05-03 19:08:56
1378281876431540480,2016-06-21 11:30:56
1384537990076119552,2016-10-24 17:22:23
1402349278695678464,2016-04-28 12:30:53
1417592850229997312,2016-10-03 18:49:49
1420795029195403008,2016-07-12 19:27:36
1425812563629692672,2016-05-23 11:36:56
1438835971184308480,2016-04-28 13:13:52
1455185896278818816,2016-04-05 01:14:33
1462681248589415680,2016-09-20 13:23:49
1473125618302310400,2016-04-26 13:18:20
147389924550257408,2016-06-24 14:37:24
148641288870400064,2016-07-28 18:03:01
1492042537097240064,2016-05-03 22:30:53
1493119272824026112,2016-04-05 10:35:37
1495301668431157248,2016-09-29 18:48:12
1498116869772772352,2016-04-27 13:39:37
1513200556927676672,2016-10-24 11:00:56
1538315580625707264,2016-05-05 11:58:33
1539552466471655680,2016-04-26 20:20:36
1552716327012883456,2016-03-31 13:24:55
155995321339849792,2016-06-04 19:06:57
1560134519462672640,2016-04-01 17:37:15
1573057318153030656,2016-07-26 19:47:10
1583464092462665984,2017-02-10 15:02:51
1598729374254679296,2016-04-28 13:25:02
1623838599684589056,2016-03-29 11:17:54
1664519865534446080,2017-01-03 15:34:51
1671960877913596672,2016-04-09 23:31:15
1673026171377815040,2016-05-11 20:33:47
1693920335354805760,2016-04-05 16:47:42
1697979965458795264,2016-04-05 15:37:20
1713887270044566528,2017-02-01 17:43:54
1716230101302949888,2016-07-01 13:19:41
1720358903345561856,2016-03-31 11:25:06
1722265956540512512,2016-04-05 11:31:03
1748162647671155456,2016-03-31 17:39:13
1754215888246437376,2016-04-25 14:14:47
1757579228100504320,2016-06-15 19:39:25
1761626329244869120,2016-04-13 12:45:50
1763748489948355072,2016-04-06 11:56:08
1766127404965083136,2016-07-14 17:13:15
1766257854965201920,2016-04-21 14:15:12
1771843275312644608,2016-05-03 16:09:02
1774767834306888448,2016-06-14 17:24:42
1786687931570279424,2016-04-29 01:26:52
1806521441217193216,2016-07-27 14:33:43
1811781596621121280,2016-04-26 17:26:47
1842102772860934656,2016-08-16 18:13:50
1842608769658022912,2016-06-30 10:39:38
1859286169611301888,2016-06-13 11:05:54
1874422396201148416,2016-04-12 20:56:49
1877391915271243776,2016-04-28 12:25:50
1878936421026687744,2016-06-13 11:27:40
1895326251577378816,2016-03-24 16:20:48
1899177452305284608,2016-05-13 11:37:39
1899224753659027968,2016-05-11 19:59:56
1900641639431585792,2016-07-06 14:07:44
1904791658745350400,2016-07-12 16:34:54
1908339160857512704,2016-03-29 19:35:26
1915826476552544256,2016-09-16 11:02:59
1929981821863611648,2016-05-18 12:10:18
1949009070102523648,2016-03-29 12:47:15
1955391843391686912,2016-06-29 14:23:44
1960539917229374720,2016-03-30 12:47:16
1961095124655762432,2016-08-05 13:30:33
1962800348704770816,2016-06-16 13:56:42
1989391720504671232,2016-03-30 23:30:28
2002083152443772160,2016-04-06 14:54:27
2007115637217432064,2016-12-07 10:42:58
200898048267462944,2016-04-05 11:33:59
202369545176637824,2016-06-29 17:05:24
2026153147373314560,2017-01-27 14:32:26
2027621318564862720,2016-08-16 20:19:21
2032181124951647488,2016-08-08 11:08:38
203988498839984736,2016-04-13 13:06:27
2047954150900722688,2016-06-23 11:49:23
2053848386729583360,2017-01-19 12:52:01
2062590537770243328,2016-04-01 16:29:26
2062670502532932608,2016-03-30 12:30:19
2092066876657604864,2016-05-06 14:38:22
2111379813881770240,2016-03-29 12:28:27
212272079522596416,2016-06-17 13:58:59
2128780309574257152,2016-10-10 17:31:18
2146546851324474368,2016-03-30 17:36:31
2152278030365935104,2016-03-30 12:58:30
2153555832231871232,2016-10-25 10:20:15
2163532571118537984,2016-07-18 19:01:32
2170267568856347136,2016-10-18 12:01:42
2183860428276579584,2016-07-18 16:37:05
2195040187466632704,2016-04-18 18:17:57
2207651454681143808,2016-04-15 19:10:29
2210973389578562048,2016-07-27 16:31:53
2217185536926141440,2016-04-14 22:18:19
2217968793137478912,2016-07-04 16:21:56
2242420380923780096,2016-06-08 17:48:23
2245571896327774208,2016-05-12 12:24:13
2257339578739986176,2016-03-31 18:43:21
22763587941636336,2016-03-29 21:13:13
2279740393166882560,2016-04-11 20:28:22
2284848438607709440,2016-08-08 12:54:44
2290322765105220864,2016-03-30 11:54:31
2318971825420092416,2016-05-05 12:24:29
231949345024178944,2016-12-07 11:09:07
2320740534295635968,2016-04-27 01:07:59
2320931034665820160,2016-07-11 11:37:04
2349820930531316224,2016-04-26 11:55:59
2356170304064762368,2016-10-04 11:10:59
2360366466703086080,2016-03-30 15:27:31
2366804926588454400,2016-04-13 00:39:00
2371321140062177280,2016-10-20 11:59:05
237914382047088352,2016-12-20 10:07:22
2382182321331880448,2016-03-16 17:57:36
2402294896098905600,2016-04-07 14:07:10
2405211284771043840,2016-04-19 12:42:38
2406021340969268224,2016-05-23 17:58:03
2416280733544962560,2016-03-29 02:35:58
2418539605878887936,2016-05-06 12:55:43
242134863500793408,2016-08-29 14:50:00
2440735228721719296,2016-07-06 14:52:11
2446947580409722880,2016-04-27 21:32:24
2462105871733913088,2016-09-23 19:47:05
249263379567853408,2017-01-30 11:40:23
2504813350107957248,2016-04-27 18:04:11
250761037431884224,2016-09-05 17:54:19
2528171022748822016,2016-09-22 11:15:43
2530443148414179840,2016-05-23 12:10:08
2542290381109225984,2016-03-29 15:11:21
2551221442168658432,2016-03-29 12:24:06
2553895156129400320,2016-05-17 20:09:33
2568936369305837568,2016-05-09 19:22:36
2597011162480707584,2016-05-24 10:58:20
2612012348742831104,2016-05-16 19:41:03
264882333231965120,2016-04-15 22:11:46
2652684983165842944,2016-03-29 17:06:09
2653698047369148416,2016-04-05 04:04:07
267292780203427072,2016-06-30 18:30:23
267728530742702528,2016-05-17 12:40:36
2682799999279860736,2016-03-31 14:59:41
268671367195911328,2016-03-31 23:45:13
2698350543662359040,2016-08-04 10:00:05
2710839964657524736,2016-04-26 10:36:56
2713917754652198400,2016-09-24 20:37:31
2716205511902422016,2016-05-25 12:59:35
271781656508459680,2016-07-29 10:57:49
2719909589256730624,2016-06-24 19:52:36
2736634093130347520,2016-03-23 22:42:41
2742184667238777344,2016-04-27 11:16:55
27448098970818568,2016-04-12 16:14:07
2754566407772264960,2016-04-25 12:22:02
2758633233367218688,2016-07-13 19:55:49
2760160224512620032,2016-05-16 11:33:19
2763854919017259520,2016-05-25 13:58:11
2766187446275090944,2016-04-08 14:26:00
2771740294605751296,2016-08-02 00:54:26
2774182511600794624,2016-10-26 11:58:02
2783503166832565248,2016-04-25 18:31:09
2783631344380511744,2016-04-26 18:36:38
2785512916786763264,2016-04-22 12:20:00
2804812532901415936,2016-09-23 16:43:04
2805413569924963328,2016-08-09 12:38:54
2811220157680321536,2016-04-08 13:54:22
2828232395245246464,2016-05-03 18:36:30
2833428826475063296,2016-03-31 12:22:42
2859257312567870464,2016-09-06 13:19:02
2873028073541627392,2016-03-29 11:32:16
2878978621264297984,2016-04-26 12:07:01
2891568537595470336,2016-04-01 19:34:27
2901546026085255680,2016-04-07 21:09:17
2903276950629630464,2016-04-26 20:09:26
292532361146333056,2017-02-10 10:32:05
292607709308972352,2016-04-05 19:58:12
2928785809533815808,2017-02-16 18:34:08
2944202749145946624,2016-04-08 14:35:17
2947963873628556288,2016-03-30 16:54:27
2956253493737623552,2016-05-02 11:04:35
2959376686327377408,2016-04-22 11:54:45
2965795813240480256,2016-04-25 16:06:00
2966898457830124032,2016-04-12 11:22:49
2976142380064454656,2016-04-16 01:25:30
2979037241414071808,2016-04-08 20:17:11
2988936926918977536,2016-06-24 11:07:32
3005175913610348032,2016-12-07 16:15:28
3007673865213720576,2016-11-30 18:59:16
3007736603136734720,2016-04-04 12:42:55
3009557673221751296,2016-04-05 21:18:10
301435144665447680,2016-04-04 11:34:48
3014865794683484672,2016-12-06 13:01:11
3018070803857087488,2016-07-25 13:54:04
3024551089288349696,2016-05-17 12:20:37
3028038382445447680,2016-03-29 12:22:40
3032312047244400128,2016-05-31 11:49:38
3035603429390266880,2016-04-27 16:37:18
3061140421699761152,2016-03-30 11:09:14
3061273947166110208,2016-04-07 17:06:07
3093942194563999744,2016-09-12 17:23:21
3094513233385472512,2016-04-13 13:02:48
3106760029136205312,2016-03-29 19:14:08
3109240325511826944,2016-05-25 19:12:11
311425034829720192,2016-08-10 17:38:38
3117868596680657408,2016-04-25 15:58:29
3118792477913513472,2016-03-31 19:22:45
3120894646139481088,2016-06-02 05:52:02
3138250281946917888,2016-04-04 12:24:25
3160832832459432960,2016-06-03 10:41:11
3165343501485572608,2016-06-13 19:37:23
3168119895433884672,2016-04-21 12:43:06
3168283140501777920,2016-07-11 18:26:01
3169151869928871424,2016-05-04 11:46:36
3172777932887155712,2016-11-29 16:30:09
3176752144516721664,2016-06-13 10:51:25
3205114392436179456,2016-04-20 14:06:52
3217014177234377216,2016-04-11 01:11:18
321835166228655296,2016-10-18 17:34:42
3258998879061035008,2016-05-20 17:43:35
326191734832924288,2017-01-17 10:35:37
3262617661597841408,2016-05-20 12:11:43
3264751486968990208,2016-08-05 19:35:49
3276989273780561920,2016-06-27 12:25:41
327880779830247104,2016-09-06 14:28:44
3290087150125937664,2016-06-02 12:22:44
3302556033962996736,2016-04-05 11:58:12
3314638233664462848,2016-06-29 20:29:52
3325441127164563968,2016-04-26 18:38:15
3330410404902809088,2016-09-06 17:51:42
3331199530550243840,2016-09-27 17:02:43
333499316725738944,2016-05-06 15:18:23
3354817058723871232,2016-09-21 12:02:41
3357462296682851840,2017-02-25 17:57:37
3367767507819728384,2016-10-25 11:33:31
3369556380657647104,2016-07-25 16:25:09
3375381077362025472,2016-03-29 15:03:04
3396828831632510976,2016-03-29 02:20:59
3411858238463877632,2016-08-05 11:27:37
3413008167249007104,2016-05-04 15:02:14
3416948067212774912,2016-07-18 18:57:07
3421008263148207104,2016-07-26 16:18:43
3429602690322213888,2016-03-30 12:32:16
344280948527967616,2016-04-17 13:27:38
3468719753199592448,2016-04-25 12:29:13
3469804916091663872,2016-05-04 17:10:45
3472075810981614592,2016-07-29 14:33:03
3473361105920727552,2016-04-13 12:21:50
3494915559963121152,2016-04-26 18:53:28
3499125955852760064,2016-04-19 18:29:11
3499852103594805248,2016-06-13 12:08:38
3504731561932460544,2016-07-11 14:45:58
3508383192344282112,2016-04-11 17:48:31
351842974578121920,2016-05-03 11:32:32
3541301246254761472,2016-06-10 20:38:29
3568240335801676288,2016-05-16 11:33:37
3576137684812235264,2016-04-02 08:12:33
3581462318368445952,2016-06-15 14:30:12
3586672003786969088,2016-04-12 23:31:27
3592784031357342208,2016-04-29 16:46:24
3599964226336487424,2016-06-10 22:51:05
3603734003549693440,2016-05-13 13:21:05
3609194402293569536,2016-03-29 16:51:24
361614354650880512,2016-04-08 11:30:41
3617923130431400448,2016-08-08 16:48:39
3622641762376806400,2016-03-30 15:10:43
3631158903888752128,2016-05-03 12:09:54
363672870875729536,2016-04-25 08:26:23
3636910968448833536,2016-03-29 17:46:20
3637012274012080128,2016-04-22 16:56:27
363824806352919936,2016-03-30 10:55:52
3648848852703752704,2016-05-04 11:42:10
3649923015832992256,2016-05-09 14:12:38
3656474357668705792,2016-07-26 16:07:11
3658079167518330368,2016-08-01 19:05:33
3681539658619684864,2016-03-31 14:20:17
3694088851120856064,2016-03-30 16:39:27
3721715385171565568,2016-06-09 11:32:43
3724874610895730688,2016-07-06 14:05:39
3727379947077780480,2016-04-26 11:38:10
3734911646343192064,2016-03-23 22:34:20
3743121668889758208,2016-04-20 18:50:24
3743262342828860416,2016-09-07 19:29:57
374329072173397696,2016-05-03 17:22:00
3761892846624989696,2016-07-26 11:11:24
3763760030606782976,2016-04-26 17:09:29
3773993939681666048,2016-07-08 11:25:13
3789334872668436480,2017-02-12 23:44:56
3803524018159744000,2016-04-26 15:16:02
3813840926929287168,2016-07-27 13:13:53
3813842765808990208,2016-03-31 19:08:46
381699973976932224,2016-09-05 11:10:58
3829784524040647168,2016-03-30 12:05:09
3830009043480796672,2016-08-18 19:33:44
3834688003207041536,2016-07-18 21:53:30
3843342266203043840,2016-04-02 19:36:05
3852137951376367104,2016-05-25 17:50:26
3856314584219831808,2016-04-25 13:03:25
3858979792050083328,2016-05-13 14:54:48
3861743074882551808,2016-04-27 11:40:42
3877012245649171456,2016-04-01 15:39:48
3891637997717104640,2016-03-14 13:54:36
3914241489134147584,2016-06-28 13:07:32
3915038251784681472,2016-03-30 10:55:06
3915731617744867328,2016-06-03 11:18:42
3937943558206985728,2016-07-11 14:39:40
3938645257702380032,2016-03-29 16:36:06
3943833391732076544,2016-05-23 20:33:27
3948719927571798016,2016-04-05 15:10:45
3951178344539492864,2016-03-30 12:37:18
3967557748970163200,2016-05-10 13:12:19
3975064578509078528,2016-05-20 11:16:44
3985253218546481152,2016-06-24 00:30:20
4003231815629501440,2016-09-20 11:44:16
4020353388159569408,2016-04-06 21:59:05
4055846614004717568,2016-05-10 19:20:50
4055967006701596160,2016-10-24 16:46:09
4063400901401648128,2016-06-29 18:34:28
4067645678703694336,2016-03-29 13:42:26
4079953840379998208,2016-05-10 15:59:39
4089451522605829120,2016-07-06 14:22:12
4110069906204071936,2016-07-20 19:27:33
4112820676974012416,2016-04-26 19:25:46
4142810830429822976,2016-04-01 19:06:03
4152854621536788992,2016-07-06 14:10:20
4153772604750430208,2016-06-27 18:34:56
415390704277094080,2016-07-23 17:02:06
4156846511612859392,2016-08-02 18:10:43
4160581188559697408,2016-04-07 13:31:55
4169646857976675328,2016-10-20 11:32:04
4177637448630955008,2016-06-07 14:21:13
4181242540645465600,2016-06-10 14:45:39
4209517478660372480,2016-04-15 15:54:13
4210291066994276352,2016-08-31 11:06:42
4223428278618203136,2016-10-04 16:11:57
4227773676394505216,2016-04-08 14:04:33
4231150940887368704,2016-04-26 00:32:59
4235703649180530688,2016-03-30 16:36:48
4237436872789054464,2016-05-24 11:20:00
4254153380739593216,2016-03-30 14:05:23
4272924174028141568,2016-07-28 16:27:47
4297386640890689536,2016-06-02 14:29:24
4309036796659976704,2016-05-04 17:12:20
4313045637915476480,2016-04-07 00:59:35
4313424003136719360,2016-06-07 16:32:01
4316004032341335040,2016-09-05 19:39:52
4335864930735272448,2016-06-24 11:29:35
4340306774493623808,2016-03-28 19:16:01
434517017614495936,2016-04-29 21:19:49
436785895835580288,2016-04-26 18:53:21
4391185772225937408,2016-08-05 12:11:34
4402305355102966272,2016-07-18 16:50:44
4410631448239520768,2016-06-30 15:08:47
4417246933621592064,2016-04-19 17:50:40
4425632151596546560,2016-07-27 13:07:32
4426818790545324544,2016-04-25 12:08:41
4432373331608914944,2016-03-29 22:49:39
4432455822487909888,2016-09-20 18:53:38
444394900236423424,2016-10-20 10:51:58
4448931013501667328,2016-04-12 16:00:43
4452189708713295872,2016-08-08 16:56:33
4465865943032551424,2016-05-04 17:18:49
4494974385324652032,2016-04-29 21:29:43
4507074084991519232,2016-06-29 19:15:28
4515144856688013824,2016-06-28 14:28:23
4519830131595431936,2016-04-26 16:57:49
4531872167062142464,2016-04-17 23:08:23
4537318193229625856,2016-04-14 11:07:08
4538019749913665536,2016-05-13 00:16:10
4548488724210189312,2016-06-07 11:52:40
4548917054177353216,2016-08-05 14:47:33
4568163094592867328,2016-04-21 13:32:17
4597648841216101376,2016-05-10 19:57:05
4599302067448444416,2016-06-30 13:06:15
4603346753290830848,2016-04-27 11:56:58
4609963702864659456,2016-04-29 11:02:37
4614383530893553664,2016-07-08 03:44:49
4624687138998541312,2016-04-27 13:38:19
4658758950701852672,2016-10-14 14:04:22
4666243309728748544,2016-06-24 10:12:40
4669648027055722496,2016-07-05 07:01:03
4670267857749552128,2016-03-29 16:33:42
4672375507299551232,2016-04-26 11:28:03
4674800004298966016,2017-02-16 12:14:34
468544970414285568,2016-05-06 12:54:49
4688306535438027776,2016-03-30 14:01:59
4699206643216946176,2016-04-26 16:54:44
4700771033189012480,2016-04-04 21:26:32
4724363485672980480,2016-04-18 21:07:26
4725902923381493760,2016-04-05 13:42:23
473198064665088192,2016-12-08 19:11:06
4747927302016898048,2016-07-29 02:24:20
4761239164144420864,2016-09-30 15:07:47
4778050608932092928,2016-07-19 11:15:19
4791643529800239104,2016-05-23 11:42:08
4794949202379942912,2016-05-02 12:01:58
4795304184119033856,2016-04-25 18:58:32
4821458551551383552,2017-02-09 10:08:34
4828670979631202304,2016-07-27 11:10:14
4857682569864081408,2016-06-15 21:01:33
4864595946068685824,2016-06-17 12:30:29
4870191573331352576,2016-05-05 16:19:59
4884175244956680192,2016-06-21 19:09:48
4889177802413345792,2016-04-13 19:38:12
490109768671667392,2016-04-20 14:45:00
4913740877702283264,2016-04-27 17:15:48
4918484843075254272,2016-05-06 16:48:41
4942487288765371392,2016-04-07 16:30:59
4946304010805340160,2016-05-17 20:28:36
4947619689618669568,2016-03-29 15:16:07
495422936350381056,2016-04-14 12:05:39
4965319960651517952,2016-06-03 11:42:30
4971787747747052544,2016-06-02 11:29:57
4973223873869255680,2016-05-02 12:14:11
4978950651925207040,2016-08-16 12:26:14
4989759812391043072,2016-10-25 16:03:57
4991824953436022784,2016-09-15 13:29:28
5000549443219972096,2016-05-05 13:41:49
5008320953682427904,2016-07-05 13:03:40
5019290970146412544,2016-04-11 16:25:49
5030175185311671296,2016-04-11 12:10:01
5127072228892236800,2016-04-05 12:58:26
5127372011815639040,2016-03-31 11:16:39
5142672320208733184,2016-11-29 17:43:30
5153128146669091840,2016-04-26 17:30:55
5164414299609761792,2016-03-31 12:31:34
5164416394753557504,2016-05-13 14:06:45
5164848620836376576,2016-06-08 18:02:34
5171468887685579776,2017-01-11 12:32:18
5175412143320665088,2016-04-25 16:05:15
5179265272566145024,2016-09-28 11:56:02
5200962297848391680,2016-05-20 20:00:57
520352373907677760,2016-04-20 11:38:18
5206835909720479744,2016-04-04 19:23:18
5215438108989481984,2016-07-05 06:12:48
5218658959522482176,2016-04-09 21:21:17
5220802546024427520,2016-04-11 17:18:14
5226673542598774784,2016-07-11 16:44:46
5234260375686193152,2016-06-27 03:16:47
5263287149644492800,2016-05-02 16:30:26
5285998971508885504,2016-06-20 17:32:24
5287342266016283648,2016-04-26 17:04:47
5302455184783458304,2016-04-27 16:31:13
5308460045611400192,2016-11-22 00:58:55
5316031233920901120,2016-04-20 14:03:16
5321535590192312320,2016-06-20 17:33:42
5323091092312850432,2016-06-10 12:10:25
5327824330504712192,2016-04-26 19:24:02
5328649570833345536,2016-04-01 18:02:48
5331529367419076608,2016-07-06 14:18:11
5334461102384593920,2016-10-03 13:00:01
534764222466712512,2016-04-21 14:52:09
5357244621297233920,2016-10-18 11:32:41
5374042110958693376,2016-04-01 18:51:58
5386184253470300160,2016-12-15 11:52:40
54023883492884056,2016-05-16 14:21:56
5404470824348262400,2016-04-11 19:36:43
5443789138803907584,2016-04-25 11:25:29
5447073013858620416,2016-05-04 17:14:39
5467013274030405632,2016-04-27 13:40:32
5469217996124449792,2016-04-01 10:59:57
548750006199694912,2016-05-13 13:46:00
5489180667547554816,2016-04-28 00:04:14
5497189205340943360,2016-10-28 14:37:50
550471860708726912,2016-07-05 16:33:43
5512723557838096384,2016-04-04 11:58:58
5529670804473959424,2016-05-13 13:27:59
5565776571801586688,2016-07-18 18:51:32
5569732571503995904,2016-12-08 12:05:16
5573804063428996096,2016-12-14 12:32:40
558547722271625536,2016-04-26 13:33:38
5598109800222509056,2016-06-16 12:50:10
5598537709124463616,2016-03-30 15:38:48
5621833459783231488,2016-03-31 17:13:40
5623720506829905920,2016-05-03 13:52:04
5640507686615993344,2016-06-16 13:24:55
5640522320021444608,2016-03-29 06:51:24
5647081278813804544,2016-06-03 10:58:53
5660542693104786432,2016-04-01 17:46:56
5663484293775216640,2016-03-30 16:35:40
5664882385083540480,2016-06-10 11:46:15
5676219165447745536,2016-03-24 13:37:37
5680079885186766848,2016-06-15 11:07:47
5682616718200776704,2016-05-06 15:41:11
5683029675627634688,2016-04-04 16:20:12
5683958305498326016,2016-04-26 15:55:53
5693632915986722816,2016-05-04 12:06:27
5694738036322441216,2016-04-29 13:21:22
5694945747090752512,2016-09-13 12:53:38
5705041016417760256,2016-04-06 12:52:38
5707382540067831808,2016-03-31 14:47:32
5713241217519616000,2016-10-11 11:10:33
5741457098792610816,2016-12-20 11:33:48
5742794170005951488,2016-08-08 11:14:47
5746645399823844352,2016-04-04 10:49:21
5749258710800262144,2016-04-26 15:55:43
5755601244020790272,2016-06-09 11:24:16
5758100189335708672,2016-04-04 16:21:14
5771407747274220544,2016-06-15 18:09:35
5784739374876308480,2016-06-02 19:45:50
5796758557398464512,2017-02-08 19:01:01
5800889957182046208,2017-02-16 13:51:50
5809929974953883648,2017-01-10 18:48:46
582665477366900480,2016-04-25 11:52:49
5846606220859915264,2016-04-04 19:44:57
5851603283697445888,2016-04-08 13:17:55
5853826697811091456,2016-06-20 20:02:51
5867547777922915328,2016-06-14 17:47:52
587317153219513344,2016-06-24 10:56:04
5881575383448548352,2016-09-16 13:48:51
5885230890202680320,2016-06-02 16:53:59
5907617845968952320,2016-05-30 18:15:40
5914788199018040320,2016-04-26 16:56:33
5959984095915311104,2016-07-08 21:10:51
5970634102483953664,2016-04-26 21:37:22
5974049584912996352,2016-12-02 11:50:14
5981643811912670208,2017-01-11 10:31:47
5981663633600683008,2017-02-07 11:50:17
599868086167624960,2016-09-08 18:48:11
6003902177042842624,2016-03-29 16:41:52
6012274951617779712,2016-06-17 11:51:55
6013226412048763904,2016-04-25 21:41:47
6013800624570706944,2016-05-03 15:13:42
6018247344671480832,2016-04-02 16:44:02
6025457302462073856,2016-04-25 12:07:05
6034233372333743104,2016-05-30 11:38:29
6034801943312384000,2016-11-25 18:43:01
6040926917589508096,2016-04-21 16:44:26
6041815097649587200,2016-04-28 12:54:05
6058025571581574144,2017-02-16 10:12:22
6065857749689775104,2016-05-25 16:22:57
607460302441631360,2016-07-22 01:29:55
6080593856412409856,2016-04-19 00:42:42
6090234987314110464,2016-07-06 14:06:48
6097953621403746304,2016-07-18 18:54:14
6104713116635734016,2016-05-30 18:16:10
6120111409505648640,2016-04-13 13:00:48
6136591349108383744,2016-06-03 16:43:19
6154780244390457344,2016-07-12 15:37:02
6168090978182414336,2016-07-15 13:21:52
6176664770623035392,2016-05-17 11:50:52
6177317203370394624,2016-04-27 11:38:59
6186215560165240832,2016-08-03 15:12:32
6186399458088777728,2016-07-11 14:48:26
6186967354004372480,2016-07-20 18:22:27
6196511437047227392,2016-04-15 10:52:19
6205246482014899200,2016-07-19 01:52:12
6226325986476849152,2016-03-30 15:38:03
6247767575778105344,2016-04-26 13:00:33
6259736937759908864,2016-06-01 18:10:19
6261180175389146112,2016-04-26 18:43:22
62638191245089384,2016-06-10 22:30:28
627050427714622720,2016-07-13 13:09:49
627408625947732224,2016-04-07 16:49:03
6315091808248159232,2016-05-12 14:04:27
6321931602383418368,2016-10-21 12:01:17
6345153393696678912,2016-05-06 14:54:44
6354670420844195840,2016-05-23 12:31:28
6365858151678833664,2016-04-01 19:24:04
6388696234128928768,2016-08-25 11:15:03
6408246065272656896,2016-04-20 22:18:21
6409254426985102336,2016-03-29 02:14:41
6422310315629306880,2016-04-18 18:14:15
6431028376756786176,2016-06-27 19:43:09
6455155244621943808,2016-11-16 11:10:50
6458841459311910912,2016-04-01 15:34:44
6464364285286199296,2016-03-30 11:09:31
6465469928207780864,2016-04-26 06:17:09
6488977616201798656,2016-04-26 20:22:14
6489937596283721728,2016-04-06 15:51:44
6500990175526025216,2016-07-28 14:09:25
6525511498345159680,2016-03-30 21:07:42
653563125340201344,2016-06-03 14:13:44
6546316929334980608,2016-03-29 08:49:38
6557658036958641152,2016-06-03 19:34:03
6571439471025672192,2016-04-11 16:31:18
6574579966911353856,2016-03-29 13:32:57
6575902539322817536,2016-06-15 13:56:41
6590718530693270528,2016-04-26 20:39:37
6596465910631136256,2016-05-30 11:48:46
6607840428081954816,2016-06-30 12:26:27
6608021257413779456,2016-10-11 15:48:15
661836806751236224,2016-05-17 20:14:48
6619196047638753280,2016-09-23 13:25:46
6634405260717363200,2016-05-23 13:23:59
6643737413460895744,2016-03-29 18:38:29
6644119361202586624,2016-03-30 16:57:12
6646901263143709696,2016-05-06 13:26:42
6648370769037295616,2016-03-31 16:41:49
6650574433856141312,2016-04-08 13:08:40
6664027487651050496,2017-02-23 12:07:01
6666652852815687680,2016-06-29 17:31:15
6675870946781601792,2016-04-05 15:14:36
6680762707204337664,2016-04-14 14:13:50
6686431125336194048,2016-04-05 11:10:59
6686977580828209152,2016-09-24 11:58:17
670878778036881152,2016-04-12 20:27:30
6719657604701927424,2016-04-11 15:49:22
6733950143166750720,2016-08-22 19:39:00
6735372008307093504,2016-04-01 11:14:03
6746673763749201920,2016-07-07 18:14:30
674947025087085824,2016-04-21 11:24:22
6756039155228175360,2016-03-29 11:45:26
6756286186140329984,2016-04-29 18:02:19
6762444709306614784,2016-04-29 01:11:54
6767912612638556160,2016-04-27 14:45:04
6769746180475991040,2016-11-09 17:04:47
6770298619054131200,2016-06-22 16:45:15
6773859371279096832,2016-04-08 20:55:18
6782783560247627776,2016-06-22 11:12:10
6808447563258229760,2016-05-05 16:10:17
6842776165746724864,2016-05-23 19:53:41
6852303461450629120,2016-05-04 17:25:47
6860472782621322240,2016-04-25 21:56:53
6869463136069837824,2016-04-18 18:31:12
6874219153545533440,2016-06-20 20:35:21
6879394870211871744,2016-05-11 11:08:19
6919601181993706496,2016-07-04 11:12:29
6921649833761206272,2016-05-02 16:18:50
692689608292948352,2016-03-14 14:10:07
692872584674355200,2016-07-08 08:41:33
6935578859207276544,2016-05-24 19:29:02
693665567872370432,2016-04-05 10:01:48
6947583688031315968,2016-04-15 16:50:57
6950950583640155136,2016-07-05 19:53:31
6952115305755720704,2016-04-04 18:18:24
6960073744377754624,2016-04-08 10:36:59
6967147874415599616,2016-05-03 17:12:57
6970482293998499840,2016-05-09 14:16:29
6971525809430308864,2016-04-15 17:28:55
6999578934585823232,2016-05-11 18:15:14
7001798922437039104,2016-04-02 13:51:05
7004923583685899264,2016-08-19 01:50:22
701021893037319936,2016-05-03 15:18:20
7020155836312304640,2016-10-10 14:45:37
7022645187549453312,2016-04-22 17:24:04
7025510797071057920,2016-09-27 11:10:59
7026868317696281600,2016-09-21 17:57:46
7029664293401391104,2017-02-16 10:50:24
7032629593137936384,2016-04-01 19:16:56
7047489233409645568,2016-03-30 13:17:35
7048619884024295424,2016-04-13 11:46:40
7050294289650086912,2016-05-04 21:45:49
7056830237116200960,2016-07-28 13:42:57
7070113665567665152,2016-06-16 19:58:44
7072373334511597568,2016-04-15 18:44:48
7100169606506886144,2016-06-13 13:14:41
712216333942199040,2016-04-08 11:58:39
7125399408132157440,2016-06-29 18:52:48
712677817405323136,2016-04-27 12:36:27
7127895053297750016,2016-04-20 13:35:11
7131993520591621120,2016-04-26 19:06:19
7157933165055101952,2016-04-05 12:03:43
7158331780077378560,2016-09-20 12:52:08
7167124757087633408,2016-04-27 12:19:09
7181121382861703168,2016-05-11 11:18:06
7184257542854236160,2016-03-30 16:46:32
7192340689726208000,2016-05-06 13:30:08
7193191844620858368,2016-06-13 15:51:25
7194703926313620480,2017-01-31 10:06:51
7208764727755771904,2016-06-09 13:36:56
7215563157885540352,2016-12-14 19:32:36
7217813843212859392,2016-09-28 19:52:37
7225913371090076672,2016-07-26 19:48:45
7233074116256996352,2016-07-25 17:27:51
7235668197683658752,2016-04-26 14:19:35
7253347881880418304,2016-05-09 14:16:58
7293029244157928448,2016-04-29 01:13:50
7293456872726425600,2016-04-20 18:06:17
7302126548210560000,2016-03-30 13:05:56
7305733895346640896,2017-02-16 17:24:07
7308050828570695680,2016-07-28 18:39:58
7308881151087125504,2016-03-30 14:18:01
7316935598591113216,2016-05-04 10:57:35
7337097409801561088,2016-05-04 18:37:41
7343585311477934080,2017-02-24 17:19:10
7369311357280566272,2016-04-19 01:20:14
7392990465409599488,2016-03-31 14:22:43
7410250256723888128,2016-05-03 17:25:52
7410536834579425280,2016-06-02 14:17:38
7419185914573132800,2016-10-29 11:12:22
7421028931799469056,2016-04-26 19:23:27
7421498048184239104,2016-04-07 17:16:12
7436632006907922432,2016-10-04 12:32:02
7438444945156715520,2016-04-20 14:01:30
7450357541426294784,2016-09-20 14:24:49
7459660693589256192,2016-05-17 15:42:29
746283912829082880,2016-04-27 18:20:28
7477658738278650880,2016-04-20 17:21:41
7499921743426045952,2016-05-10 17:05:54
7518465061839634432,2016-05-16 11:25:02
7526378498958185472,2017-02-10 17:01:20
7527226129639571456,2016-03-31 04:25:30
7530102388348370944,2016-04-08 14:50:22
753510015812479488,2016-04-28 11:56:12
753551422329466624,2016-04-22 12:09:14
7538338997444234240,2016-08-05 13:14:27
7554279798570266624,2016-05-02 19:46:29
7555752854236030976,2016-05-27 13:51:28
7563882320191729664,2016-03-29 10:51:07
7565903375902760960,2016-04-27 18:32:49
7580644064067188736,2016-07-25 18:18:15
7584856762328012800,2016-04-14 19:36:59
7585672106741478400,2016-04-08 14:02:30
7591088849912178688,2016-04-20 13:39:07
7606269372482386944,2016-04-27 13:32:09
760703210503201280,2016-04-20 12:25:41
762293582798342272,2016-09-27 17:23:21
7640646622715357184,2016-03-31 10:56:31
7645894863578716160,2016-05-05 17:09:10
7660434827542910976,2016-05-25 19:50:18
767930535033985536,2016-06-28 17:27:54
7696404421947460608,2016-04-01 15:36:22
7703284633155187712,2016-04-13 12:52:08
7704379999515120640,2016-04-26 20:50:54
7705707768530115584,2016-05-03 18:17:22
7712504245368411136,2016-04-07 17:55:19
7720698478711251968,2016-06-10 23:04:10
7733918951272853504,2016-04-18 22:05:56
7738156533824098304,2016-09-19 14:47:31
7741213197781008384,2016-04-26 14:00:45
7772588855940376576,2016-03-30 12:19:01
7774613525190730752,2016-04-25 11:42:58
7780048623954214912,2016-07-12 17:41:48
7781822014935525376,2016-04-01 18:13:34
7786886764401143808,2016-07-25 16:06:55
7801363117660380160,2017-01-17 11:58:53
781132119141619840,2016-09-12 20:22:58
782574897116966528,2016-04-27 12:07:46
782843067739729152,2016-05-05 12:16:38
784021501623342208,2016-07-06 16:35:30
7842090627885077504,2016-04-01 16:48:27
7845017617453570048,2016-04-28 12:13:47
7857964154553078784,2016-05-05 17:53:55
7865652808772307968,2016-05-23 11:34:10
7866703251910305792,2016-08-09 13:15:49
7869282721414304768,2016-07-29 15:45:16
7871236101796363264,2016-03-29 19:03:59
7887000664348414976,2016-05-17 19:48:27
7888432621799586816,2016-11-03 12:42:13
7890134385692540928,2016-04-04 16:28:44
7911347399014555648,2016-09-27 19:04:23
7948079555216525312,2016-04-06 10:32:45
7948330930322808832,2016-05-17 17:29:02
7949112290920100864,2016-11-21 16:43:04
7977027884323942400,2016-04-29 12:03:58
7977599065228355584,2016-03-31 12:05:46
7983645651075949568,2016-11-29 17:05:07
7984451585080990720,2016-06-29 11:31:37
7992167105183320064,2016-06-01 17:14:49
8006128198708353024,2016-03-29 12:49:24
8014392542728644608,2016-05-24 12:29:36
801895594717772288,2016-03-29 17:27:38
8029287010580464640,2016-04-26 19:54:51
8036120142967896064,2016-10-14 12:22:50
803704643760678528,2016-09-27 11:43:39
8048317748792197120,2016-04-13 13:00:29
8049174971616431104,2016-04-08 15:50:47
8051175896420731904,2016-06-08 23:25:27
8068551513309549568,2016-05-26 11:55:49
8113324517692556288,2016-04-04 12:15:25
8113637998311268352,2017-02-16 17:01:51
813951249416003584,2016-05-20 18:20:48
8144386916269720576,2016-03-29 23:02:43
8151880861754859520,2016-04-26 21:11:22
8164031568920151040,2016-04-15 17:05:56
816623031097334144,2016-04-08 14:06:26
8180111365399888896,2016-03-30 14:19:34
8189031666388954112,2016-04-08 20:38:14
8195788452563154944,2016-04-26 18:38:53
8214844442027962368,2016-06-16 18:56:28
822144951619061504,2016-05-03 13:41:13
8236260669729422336,2016-05-03 14:00:35
8237333675050684416,2016-04-15 15:59:32
8239286975497580544,2016-04-13 14:28:00
8243474948679934976,2016-03-29 11:25:00
8250502084456448000,2016-05-25 20:49:02
8261378399174507520,2016-05-06 12:27:20
8261501809061663744,2016-03-31 20:55:01
8271619811366074368,2016-03-30 16:47:10
828258475830882432,2016-08-31 11:13:03
8309925290570993664,2016-05-04 10:45:14
8323853447348356096,2016-06-02 15:10:43
8327913688432885760,2017-02-10 15:26:35
8341545449730059264,2016-03-29 08:39:06
8354413736311351296,2016-04-20 19:19:04
8368708280460693504,2016-04-25 13:21:26
8389544657102032896,2016-04-26 17:02:08
8414731042150984704,2016-03-30 11:41:33
8418615305660062720,2016-04-26 12:19:13
8420481937548705792,2016-04-04 11:43:15
8424199401780532224,2016-06-14 18:14:25
8426006528231102464,2016-04-28 19:46:54
8433075601488072704,2017-02-09 10:41:51
8433143903150367744,2016-04-15 16:38:18
8437083040455072768,2016-04-27 00:50:10
8460278518504187904,2017-01-17 12:31:39
8471654280763064320,2016-07-04 21:23:59
8479021342509402112,2016-09-12 13:42:43
8480117032796488704,2016-11-25 17:55:23
8494103216511135744,2016-04-04 18:15:29
8496119444480535552,2016-03-31 18:52:04
8504762135979678720,2016-07-21 15:51:13
8508358165038280704,2016-06-14 12:08:11
8516196196975927,2017-02-10 17:37:42
8516310373487916032,2016-03-30 23:39:28
852862045361757696,2016-06-15 12:21:12
8531798655176011776,2016-05-05 14:53:52
8540709753752329216,2016-06-15 18:22:54
8548560600301987840,2016-07-10 15:57:09
8556982196776583168,2016-06-20 17:20:06
8562738815734604800,2016-04-07 14:23:23
8564966018298805248,2016-06-13 12:55:04
8570738902325304320,2016-10-18 12:19:40
8572969747961903104,2016-04-05 15:54:54
8573995950821939200,2016-08-05 11:21:07
858237111264601984,2016-09-16 11:15:54
8586641302323734528,2016-07-07 16:13:36
8615245686887763968,2016-05-05 10:51:55
8625226870256745472,2016-09-02 12:49:59
8625949836947856384,2016-10-20 20:42:11
8641138310821193728,2017-01-18 22:58:49
8642864254981528576,2016-05-16 20:00:01
865004478722151040,2016-05-06 12:56:06
8652251853329201152,2016-07-29 19:18:14
8655687555968132096,2016-05-11 13:46:39
8656322302973426688,2016-04-14 12:43:01
8663735706448941056,2016-05-05 13:41:53
8667275116635296768,2016-07-11 15:15:57
8674645243865303040,2016-09-16 11:25:29
8676130229735483392,2016-04-05 19:33:01
8676384235153994752,2016-04-19 03:02:20
8698209668239173632,2016-03-30 17:22:45
8721553601211488256,2016-03-31 12:35:18
8723015811479284736,2016-06-07 12:29:36
8743523484464838656,2016-12-21 15:41:24
8745559424774780928,2016-09-27 04:25:12
8754745127801505792,2016-05-15 23:51:18
8759620187357734912,2016-04-07 13:42:58
8766802480854827008,2016-03-29 02:56:10
8779722837503694848,2016-06-22 15:19:17
8785971928543012864,2016-12-28 19:03:49
8787162574252505088,2016-05-04 17:39:35
8791271631167251456,2016-04-20 12:32:36
8801420707973230592,2016-06-02 18:59:35
8801970869404591104,2016-05-06 02:39:25
8813266398846460928,2016-04-05 15:01:04
8814360237760288768,2016-05-20 10:32:55
881856221521045760,2016-04-04 19:32:00
8819654997738428416,2016-06-03 18:01:00
8841741572929644544,2016-04-29 00:41:55
884543573245416320,2016-07-29 12:53:32
8847054836611412992,2016-04-23 22:12:03
8855265440919561216,2016-09-29 19:56:17
8855523843512270848,2016-04-06 16:17:03
8862260182894039040,2016-04-08 15:54:23
8866874492838815744,2016-07-25 17:54:27
8872819156169667584,2016-05-03 14:57:26
8874741321583329280,2016-04-26 19:38:26
8879844298911979520,2016-08-29 11:16:22
8892482595912468480,2016-04-22 14:42:17
8907499588729810944,2016-06-06 13:39:18
8913362709216003072,2016-03-30 10:23:56
8920667914865172480,2016-04-27 11:56:01
8940614478925413376,2016-04-26 12:19:43
8941502917401491456,2016-09-19 11:35:21
8961723342122871808,2016-04-26 19:58:09
8965285988346645504,2016-06-09 12:11:40
8968131284214320128,2016-03-30 04:31:24
8968304737931265024,2016-06-22 19:07:40
8982783231149017088,2016-06-16 23:26:19
899165159624701184,2016-05-04 16:28:28
8992729171160464384,2016-04-18 18:43:44
8995194509387681792,2016-04-01 17:12:21
9001399366994458624,2016-03-30 16:36:24
9008788011897883648,2016-06-20 19:42:52
9013651444868609024,2016-04-25 12:45:54
9033898219489253376,2016-07-04 12:30:52
9037410398700100608,2016-03-30 11:58:00
9038446466275805184,2016-03-30 16:38:29
9042983166068668416,2016-05-30 11:28:09
9050204922960952320,2016-03-30 17:26:31
907221355688076928,2016-04-06 13:10:33
908938729693125248,2016-04-04 16:07:08
9090527742744334336,2016-05-30 21:26:57
9091970136990402560,2016-04-05 16:47:03
909651159261292672,2016-04-28 19:37:29
9102085903669288960,2016-04-19 14:10:58
9105269044962898944,2016-04-25 13:27:55
9109075639526981632,2016-04-09 01:09:44
9128735267433534464,2016-07-26 19:36:41
9135582630122949632,2016-03-31 12:37:59
9137372837662939136,2016-03-29 12:35:07
913833950286021248,2016-04-01 18:09:10
9148269800512008192,2016-06-14 17:53:09
9152852494775097344,2016-08-01 18:44:14
915429212131112704,2016-04-26 19:17:58
9165571805999894528,2016-07-21 19:19:04
9187866633451383808,2016-04-04 14:09:09
9191849144618614784,2016-05-19 12:44:14
9199170757466086400,2016-05-13 14:58:31
9210530975708218368,2016-03-29 10:42:59
922380381383493376,2016-10-25 11:11:23
927368592355275392,2016-06-15 13:17:57
935513113565522560,2016-09-28 13:22:05
940915072677580416,2016-08-23 16:44:56
948924246990023808,2016-04-12 19:56:59
953707509720613376,2016-05-23 11:36:55
965837901014229376,2016-04-05 11:35:26
983095443598229504,2016-06-03 10:50:06
987030274299018496,2016-10-17 15:13:00
989049974880576256,2016-05-17 12:16:15
98958074799194816,2016-05-04 17:10:53
997469202936578176,2016-05-06 18:52:34
998688566268269824,2016-09-22 17:59:24
